<?xml version="1.0" encoding="UTF-8"?>
<project-private xmlns="http://www.netbeans.org/ns/project-private/1">
    <editor-bookmarks xmlns="http://www.netbeans.org/ns/editor-bookmarks/2" lastBookmarkId="0"/>
    <open-files xmlns="http://www.netbeans.org/ns/projectui-open-files/2">
        <group>
            <file>file:/C:/Users/jfst_/Desktop/Grafos_TDE1/src/grafos_tde1/Vertice.java</file>
            <file>file:/C:/Users/jfst_/Desktop/Grafos_TDE1/src/grafos_tde1/Grafo.java</file>
            <file>file:/C:/Users/jfst_/Desktop/Grafos_TDE1/src/grafos_tde1/Main.java</file>
        </group>
    </open-files>
</project-private>
